plan_month,store_id,category,plan_revenue,plan_profit,plan_qty
2024-01,S001,Bakery,8845.24,2679.62,78
2024-01,S001,Beverages,26567.78,8185.61,137
2024-01,S001,Dairy,11415.02,3427.04,58
2024-01,S001,Frozen,19646.58,5092.87,63
2024-01,S001,Fruits & Vegetables,8178.34,2226.93,64
2024-01,S001,Household,16871.09,4292.35,47
2024-01,S001,Personal Care,10155.89,2976.54,35
2024-01,S001,Snacks,14021.49,3667.4,113
2024-01,S002,Bakery,15852.71,5407.18,137
2024-01,S002,Beverages,25485.01,7383.21,136
2024-01,S002,Dairy,28649.84,8216.8,117
2024-01,S002,Frozen,38854.73,9711.6,125
2024-01,S002,Fruits & Vegetables,17296.22,5144.94,133
2024-01,S002,Household,50157.05,12564.66,128
2024-01,S002,Personal Care,23444.18,6048.04,59
2024-01,S002,Snacks,18430.21,4502.06,134
2024-01,S003,Bakery,34468.42,10967.05,314
2024-01,S003,Beverages,74499.79,22167.61,433
2024-01,S003,Dairy,73616.57,25765.47,337
2024-01,S003,Frozen,68162.57,19489.45,216
2024-01,S003,Fruits & Vegetables,38904.27,11698.3,358
2024-01,S003,Household,75567.2,20890.81,242
2024-01,S003,Personal Care,79540.7,20534.82,189
2024-01,S003,Snacks,49081.76,13372.68,373
2024-01,S004,Bakery,9562.78,2780.26,94
2024-01,S004,Beverages,19731.78,5675.42,118
2024-01,S004,Dairy,20617.25,6066.73,90
2024-01,S004,Frozen,20042.32,5760.13,58
2024-01,S004,Fruits & Vegetables,9741.27,2903.33,93
2024-01,S004,Household,23715.11,7103.68,65
2024-01,S004,Personal Care,11925.22,3444.6,38
2024-01,S004,Snacks,10955.46,3109.13,90
2024-01,S005,Bakery,13861.52,4003.34,126
2024-01,S005,Beverages,30069.42,9458.5,165
2024-01,S005,Dairy,19001.54,5794.44,103
2024-01,S005,Frozen,23702.22,7051.7,75
2024-01,S005,Fruits & Vegetables,16631.76,4636.16,135
2024-01,S005,Household,28498.46,7255.6,79
2024-01,S005,Personal Care,30504.52,8721.48,73
2024-01,S005,Snacks,18350.88,5396.17,128
2024-01,S006,Bakery,43209.19,12389.88,346
2024-01,S006,Beverages,86119.08,25498.76,502
2024-01,S006,Dairy,96261.67,28820.42,422
2024-01,S006,Frozen,74744.55,20747.28,233
2024-01,S006,Fruits & Vegetables,46656.88,13260.68,396
2024-01,S006,Household,74089.84,19227.03,212
2024-01,S006,Personal Care,100970.57,26320.23,250
2024-01,S006,Snacks,49279.97,12534.28,354
2024-01,S007,Bakery,48072.72,14276.81,396
2024-01,S007,Beverages,89550.72,28313.25,518
2024-01,S007,Dairy,82517.29,25447.57,388
2024-01,S007,Frozen,88702.24,24498.58,278
2024-01,S007,Fruits & Vegetables,38196.3,10805.58,345
2024-01,S007,Household,76759.67,20494.75,210
2024-01,S007,Personal Care,77422.02,21593.76,197
2024-01,S007,Snacks,54286.88,14359.03,402
2024-01,S008,Bakery,45401.62,14168.63,413
2024-01,S008,Beverages,78285.73,23618.6,416
2024-01,S008,Dairy,76828.34,25898.91,380
2024-01,S008,Frozen,68291.76,17250.08,196
2024-01,S008,Fruits & Vegetables,40893.5,12482.81,333
2024-01,S008,Household,84122.17,20621.48,224
2024-01,S008,Personal Care,73944.54,18540.58,187
2024-01,S008,Snacks,61118.19,16192.19,464
2024-01,S009,Bakery,11579.09,3454.86,110
2024-01,S009,Beverages,26584.49,7518.67,138
2024-01,S009,Dairy,25641.35,8557.33,108
2024-01,S009,Frozen,29280.83,7867.91,85
2024-01,S009,Fruits & Vegetables,15924.89,4069.22,119
2024-01,S009,Household,24695.04,7112.62,68
2024-01,S009,Personal Care,27567.82,7012.24,72
2024-01,S009,Snacks,16558.64,4071.0,127
2024-01,S010,Bakery,15483.8,4531.76,132
2024-01,S010,Beverages,24803.34,7132.89,140
2024-01,S010,Dairy,14081.75,4813.46,72
2024-01,S010,Frozen,21648.61,5952.45,67
2024-01,S010,Fruits & Vegetables,13313.04,3899.87,101
2024-01,S010,Household,26854.5,6228.48,65
2024-01,S010,Personal Care,29090.17,7171.96,70
2024-01,S010,Snacks,18445.63,4844.0,136
2024-01,S011,Bakery,9644.91,2998.77,90
2024-01,S011,Beverages,26586.98,7392.71,140
2024-01,S011,Dairy,25585.45,8276.99,111
2024-01,S011,Frozen,20506.26,5048.8,69
2024-01,S011,Fruits & Vegetables,10827.46,2961.17,103
2024-01,S011,Household,22411.43,7127.87,61
2024-01,S011,Personal Care,14993.16,4158.67,42
2024-01,S011,Snacks,11963.1,2926.69,99
2024-01,S012,Bakery,21172.47,6150.11,189
2024-01,S012,Beverages,37627.74,9808.3,207
2024-01,S012,Dairy,42187.99,13527.34,183
2024-01,S012,Frozen,37687.84,9499.17,120
2024-01,S012,Fruits & Vegetables,19698.98,5755.46,166
2024-01,S012,Household,48755.79,13132.39,124
2024-01,S012,Personal Care,34750.7,9024.73,90
2024-01,S012,Snacks,27483.63,7396.24,208
2024-02,S001,Bakery,9731.01,2943.27,81
2024-02,S001,Beverages,13462.41,3848.57,77
2024-02,S001,Dairy,18361.75,6528.2,85
2024-02,S001,Frozen,15091.07,3800.52,47
2024-02,S001,Fruits & Vegetables,9574.17,2719.69,80
2024-02,S001,Household,13650.82,4260.83,45
2024-02,S001,Personal Care,31030.08,7447.38,80
2024-02,S001,Snacks,11538.37,3041.36,93
2024-02,S002,Bakery,13076.39,3623.15,121
2024-02,S002,Beverages,29275.46,8899.06,148
2024-02,S002,Dairy,30397.93,9375.56,140
2024-02,S002,Frozen,27812.31,7166.69,77
2024-02,S002,Fruits & Vegetables,12536.06,3571.48,103
2024-02,S002,Household,21306.23,6053.47,65
2024-02,S002,Personal Care,27266.91,6875.32,72
2024-02,S002,Snacks,18246.29,4503.96,123
2024-02,S003,Bakery,46282.85,12739.5,429
2024-02,S003,Beverages,64357.92,18953.99,354
2024-02,S003,Dairy,72283.42,23450.0,345
2024-02,S003,Frozen,49867.22,12735.33,154
2024-02,S003,Fruits & Vegetables,37590.76,11271.38,341
2024-02,S003,Household,71866.19,18098.4,206
2024-02,S003,Personal Care,82852.33,21742.12,210
2024-02,S003,Snacks,46181.92,11674.35,331
2024-02,S004,Bakery,10042.96,2842.67,91
2024-02,S004,Beverages,19431.33,5112.57,107
2024-02,S004,Dairy,15670.09,4763.55,82
2024-02,S004,Frozen,10666.8,2956.67,37
2024-02,S004,Fruits & Vegetables,10045.47,2719.87,87
2024-02,S004,Household,18993.29,5562.83,52
2024-02,S004,Personal Care,20966.16,5201.66,47
2024-02,S004,Snacks,19931.67,4828.54,152
2024-02,S005,Bakery,16781.47,5457.46,137
2024-02,S005,Beverages,27454.33,8177.03,154
2024-02,S005,Dairy,28986.44,9613.09,148
2024-02,S005,Frozen,27926.49,7463.08,81
2024-02,S005,Fruits & Vegetables,13754.65,3974.54,110
2024-02,S005,Household,30016.85,8924.2,93
2024-02,S005,Personal Care,19576.61,4323.77,51
2024-02,S005,Snacks,18160.54,5143.11,133
2024-02,S006,Bakery,40420.85,11541.17,333
2024-02,S006,Beverages,71101.38,21541.31,415
2024-02,S006,Dairy,64793.26,19947.09,306
2024-02,S006,Frozen,82656.06,21081.99,238
2024-02,S006,Fruits & Vegetables,38341.99,10663.96,311
2024-02,S006,Household,76458.77,18358.72,211
2024-02,S006,Personal Care,72344.64,18651.79,198
2024-02,S006,Snacks,52586.27,11986.94,408
2024-02,S007,Bakery,40497.53,11770.45,387
2024-02,S007,Beverages,92349.25,27238.74,480
2024-02,S007,Dairy,70564.05,22009.43,362
2024-02,S007,Frozen,85089.82,23750.76,256
2024-02,S007,Fruits & Vegetables,39410.02,11453.76,319
2024-02,S007,Household,78843.03,19973.54,198
2024-02,S007,Personal Care,79180.76,22031.94,202
2024-02,S007,Snacks,59300.75,15365.06,425
2024-02,S008,Bakery,50441.33,15307.12,381
2024-02,S008,Beverages,82075.23,23064.68,434
2024-02,S008,Dairy,80861.59,24146.38,370
2024-02,S008,Frozen,82380.01,23739.54,263
2024-02,S008,Fruits & Vegetables,51276.82,14286.8,419
2024-02,S008,Household,76864.31,21579.48,216
2024-02,S008,Personal Care,66243.38,16023.27,182
2024-02,S008,Snacks,50836.14,12265.64,376
2024-02,S009,Bakery,13408.93,3829.22,117
2024-02,S009,Beverages,24069.54,7689.55,130
2024-02,S009,Dairy,20516.27,6964.48,88
2024-02,S009,Frozen,26016.37,7560.57,72
2024-02,S009,Fruits & Vegetables,13128.38,4161.22,126
2024-02,S009,Household,33891.89,9406.24,88
2024-02,S009,Personal Care,26500.45,6523.02,68
2024-02,S009,Snacks,17840.25,4904.44,143
2024-02,S010,Bakery,11670.11,3922.83,100
2024-02,S010,Beverages,28400.44,8170.9,136
2024-02,S010,Dairy,21477.56,6741.28,93
2024-02,S010,Frozen,18245.65,5351.1,58
2024-02,S010,Fruits & Vegetables,12688.91,4028.11,101
2024-02,S010,Household,24252.15,7259.0,67
2024-02,S010,Personal Care,36369.36,10288.53,85
2024-02,S010,Snacks,17217.73,4802.66,136
2024-02,S011,Bakery,10888.97,3211.07,101
2024-02,S011,Beverages,21757.83,6804.02,124
2024-02,S011,Dairy,21451.15,7174.57,111
2024-02,S011,Frozen,25930.24,7384.58,81
2024-02,S011,Fruits & Vegetables,15402.15,4264.37,113
2024-02,S011,Household,16629.15,5041.7,54
2024-02,S011,Personal Care,17482.94,4076.19,43
2024-02,S011,Snacks,13913.71,3817.34,111
2024-02,S012,Bakery,27988.53,8335.09,199
2024-02,S012,Beverages,36846.25,11469.74,198
2024-02,S012,Dairy,38934.32,12882.38,189
2024-02,S012,Frozen,30564.01,9159.37,97
2024-02,S012,Fruits & Vegetables,26815.23,7386.04,208
2024-02,S012,Household,30372.11,8579.01,95
2024-02,S012,Personal Care,39978.89,10624.63,103
2024-02,S012,Snacks,24493.9,6720.89,190
2024-03,S001,Bakery,15721.16,4820.23,126
2024-03,S001,Beverages,25892.11,7499.8,135
2024-03,S001,Dairy,27086.37,8767.67,133
2024-03,S001,Frozen,25722.18,6367.38,70
2024-03,S001,Fruits & Vegetables,12589.76,3389.39,108
2024-03,S001,Household,27967.74,6982.96,67
2024-03,S001,Personal Care,17986.01,4889.78,56
2024-03,S001,Snacks,13606.32,3251.37,108
2024-03,S002,Bakery,18460.33,6027.82,142
2024-03,S002,Beverages,33926.55,9280.68,213
2024-03,S002,Dairy,32639.67,10631.02,143
2024-03,S002,Frozen,25626.04,7195.18,79
2024-03,S002,Fruits & Vegetables,13054.13,3310.47,108
2024-03,S002,Household,31169.7,9494.04,92
2024-03,S002,Personal Care,22760.73,6349.67,68
2024-03,S002,Snacks,16589.41,4585.33,119
2024-03,S003,Bakery,38132.74,11293.47,324
2024-03,S003,Beverages,93484.64,27938.02,487
2024-03,S003,Dairy,76980.38,23879.98,383
2024-03,S003,Frozen,103816.34,28960.41,308
2024-03,S003,Fruits & Vegetables,43517.01,12998.95,386
2024-03,S003,Household,90221.22,24767.15,248
2024-03,S003,Personal Care,103085.34,25555.63,245
2024-03,S003,Snacks,51134.62,13319.53,362
2024-03,S004,Bakery,9874.81,3335.71,75
2024-03,S004,Beverages,23400.54,6764.59,117
2024-03,S004,Dairy,14745.28,4900.31,65
2024-03,S004,Frozen,18605.35,4094.43,50
2024-03,S004,Fruits & Vegetables,8494.99,2301.06,72
2024-03,S004,Household,21966.99,5951.26,80
2024-03,S004,Personal Care,19199.17,4874.26,48
2024-03,S004,Snacks,13235.42,3254.63,90
2024-03,S005,Bakery,11463.91,3389.34,107
2024-03,S005,Beverages,24154.27,7391.28,139
2024-03,S005,Dairy,22414.42,7111.11,101
2024-03,S005,Frozen,24092.95,7124.37,72
2024-03,S005,Fruits & Vegetables,12418.51,3466.31,111
2024-03,S005,Household,26540.35,6676.21,83
2024-03,S005,Personal Care,23360.81,6015.0,63
2024-03,S005,Snacks,17677.05,4102.26,139
2024-03,S006,Bakery,52917.39,15666.64,458
2024-03,S006,Beverages,94289.57,30142.49,530
2024-03,S006,Dairy,77548.9,24614.4,391
2024-03,S006,Frozen,66108.58,18254.89,192
2024-03,S006,Fruits & Vegetables,53323.39,15562.26,447
2024-03,S006,Household,93402.46,23858.45,237
2024-03,S006,Personal Care,102218.92,24442.2,250
2024-03,S006,Snacks,53328.47,15032.97,443
2024-03,S007,Bakery,42703.18,12672.62,419
2024-03,S007,Beverages,91448.94,24513.89,474
2024-03,S007,Dairy,93922.34,29210.04,428
2024-03,S007,Frozen,86158.7,24981.89,244
2024-03,S007,Fruits & Vegetables,46423.39,13081.1,349
2024-03,S007,Household,92160.15,24307.27,238
2024-03,S007,Personal Care,71490.85,17541.03,201
2024-03,S007,Snacks,57149.56,16607.68,433
2024-03,S008,Bakery,50993.18,16167.33,427
2024-03,S008,Beverages,103885.96,29986.06,526
2024-03,S008,Dairy,74441.45,24694.78,349
2024-03,S008,Frozen,94319.62,25187.39,267
2024-03,S008,Fruits & Vegetables,42685.3,13385.98,391
2024-03,S008,Household,99856.56,26378.59,281
2024-03,S008,Personal Care,90792.9,21835.24,210
2024-03,S008,Snacks,60814.33,16078.81,450
2024-03,S009,Bakery,15573.32,5029.04,144
2024-03,S009,Beverages,15017.48,4074.93,91
2024-03,S009,Dairy,29795.72,9704.89,137
2024-03,S009,Frozen,23389.55,6958.37,67
2024-03,S009,Fruits & Vegetables,14434.49,4011.93,120
2024-03,S009,Household,29106.26,8487.37,85
2024-03,S009,Personal Care,25499.53,6065.64,68
2024-03,S009,Snacks,17299.65,4245.35,139
2024-03,S010,Bakery,14553.02,4088.58,147
2024-03,S010,Beverages,33559.83,10004.41,189
2024-03,S010,Dairy,29742.01,10017.4,132
2024-03,S010,Frozen,22201.25,5281.13,61
2024-03,S010,Fruits & Vegetables,19632.43,5891.92,164
2024-03,S010,Household,34397.39,8990.52,91
2024-03,S010,Personal Care,41073.84,10063.37,109
2024-03,S010,Snacks,21632.46,5463.47,155
2024-03,S011,Bakery,12596.77,3784.85,105
2024-03,S011,Beverages,29377.41,8215.36,183
2024-03,S011,Dairy,16382.64,5370.13,76
2024-03,S011,Frozen,13213.1,3774.3,39
2024-03,S011,Fruits & Vegetables,8948.85,2726.09,79
2024-03,S011,Household,10636.24,2900.93,33
2024-03,S011,Personal Care,16424.42,4174.68,42
2024-03,S011,Snacks,8707.18,2413.1,78
2024-03,S012,Bakery,18677.31,5691.38,190
2024-03,S012,Beverages,50169.89,13040.67,275
2024-03,S012,Dairy,48405.15,15542.48,202
2024-03,S012,Frozen,37413.47,8403.67,116
2024-03,S012,Fruits & Vegetables,24722.55,7334.99,194
2024-03,S012,Household,29472.25,8603.83,95
2024-03,S012,Personal Care,46433.88,11604.83,112
2024-03,S012,Snacks,30195.16,7521.04,219
2024-04,S001,Bakery,14248.54,4150.03,137
2024-04,S001,Beverages,22080.41,6223.44,124
2024-04,S001,Dairy,20458.99,5974.35,91
2024-04,S001,Frozen,22562.96,7099.24,72
2024-04,S001,Fruits & Vegetables,11356.18,3039.56,100
2024-04,S001,Household,20579.98,5300.76,62
2024-04,S001,Personal Care,26080.77,6370.87,73
2024-04,S001,Snacks,18808.1,5004.91,158
2024-04,S002,Bakery,18968.96,6257.38,154
2024-04,S002,Beverages,23189.71,6102.01,139
2024-04,S002,Dairy,20453.58,6945.2,102
2024-04,S002,Frozen,32320.66,9125.98,89
2024-04,S002,Fruits & Vegetables,11858.71,3157.09,105
2024-04,S002,Household,42174.12,11023.55,104
2024-04,S002,Personal Care,21401.8,4825.42,55
2024-04,S002,Snacks,21069.04,5362.99,159
2024-04,S003,Bakery,42686.46,12362.86,373
2024-04,S003,Beverages,99097.8,29337.35,512
2024-04,S003,Dairy,77253.51,24392.54,378
2024-04,S003,Frozen,92250.19,24656.28,265
2024-04,S003,Fruits & Vegetables,40981.71,11928.04,360
2024-04,S003,Household,120298.34,30713.2,301
2024-04,S003,Personal Care,91718.4,22394.2,246
2024-04,S003,Snacks,54360.93,14169.95,442
2024-04,S004,Bakery,10406.11,2824.54,82
2024-04,S004,Beverages,16155.81,4293.56,91
2024-04,S004,Dairy,26889.54,7873.89,133
2024-04,S004,Frozen,11995.23,3258.27,42
2024-04,S004,Fruits & Vegetables,14741.55,3968.45,113
2024-04,S004,Household,21593.75,6352.77,61
2024-04,S004,Personal Care,24412.99,6256.47,64
2024-04,S004,Snacks,10574.97,2712.34,84
2024-04,S005,Bakery,14159.54,4720.33,132
2024-04,S005,Beverages,23683.13,6844.75,132
2024-04,S005,Dairy,31278.94,9411.65,125
2024-04,S005,Frozen,33186.02,8541.2,95
2024-04,S005,Fruits & Vegetables,15552.38,3935.23,127
2024-04,S005,Household,26744.37,7085.11,77
2024-04,S005,Personal Care,19433.15,5269.93,63
2024-04,S005,Snacks,18275.79,4939.04,146
2024-04,S006,Bakery,59562.21,17551.5,485
2024-04,S006,Beverages,88778.51,26670.63,517
2024-04,S006,Dairy,107558.42,33762.16,480
2024-04,S006,Frozen,88710.19,26134.99,277
2024-04,S006,Fruits & Vegetables,49518.81,13770.69,387
2024-04,S006,Household,90557.97,23670.16,249
2024-04,S006,Personal Care,79563.38,20697.75,219
2024-04,S006,Snacks,52515.82,14988.61,427
2024-04,S007,Bakery,49723.35,15991.54,393
2024-04,S007,Beverages,91037.07,27036.65,513
2024-04,S007,Dairy,81793.92,28003.57,370
2024-04,S007,Frozen,106546.93,28813.1,306
2024-04,S007,Fruits & Vegetables,43333.64,11915.71,372
2024-04,S007,Household,96977.02,26538.67,282
2024-04,S007,Personal Care,94174.62,23086.98,238
2024-04,S007,Snacks,58702.38,15475.39,448
2024-04,S008,Bakery,47200.49,13990.73,404
2024-04,S008,Beverages,79918.15,24325.35,447
2024-04,S008,Dairy,75163.72,23356.44,348
2024-04,S008,Frozen,94254.7,24292.72,283
2024-04,S008,Fruits & Vegetables,47156.07,13665.28,386
2024-04,S008,Household,86545.78,25036.35,239
2024-04,S008,Personal Care,86446.73,25139.32,233
2024-04,S008,Snacks,48274.61,13194.48,372
2024-04,S009,Bakery,17714.43,5637.79,148
2024-04,S009,Beverages,27780.84,7508.41,150
2024-04,S009,Dairy,24863.29,8477.81,114
2024-04,S009,Frozen,25540.0,7009.34,73
2024-04,S009,Fruits & Vegetables,15980.99,4705.06,121
2024-04,S009,Household,25223.79,6589.72,61
2024-04,S009,Personal Care,25790.27,6445.33,69
2024-04,S009,Snacks,19114.15,5231.64,138
2024-04,S010,Bakery,14305.59,4242.3,112
2024-04,S010,Beverages,30245.96,8602.36,165
2024-04,S010,Dairy,29030.37,9557.35,155
2024-04,S010,Frozen,35264.34,8808.09,99
2024-04,S010,Fruits & Vegetables,10903.81,3090.5,94
2024-04,S010,Household,24041.53,7032.34,73
2024-04,S010,Personal Care,25636.27,5857.18,69
2024-04,S010,Snacks,19127.28,4954.42,137
2024-04,S011,Bakery,12472.69,3468.56,109
2024-04,S011,Beverages,25380.27,7566.42,134
2024-04,S011,Dairy,21781.17,7110.22,97
2024-04,S011,Frozen,21204.2,5481.3,57
2024-04,S011,Fruits & Vegetables,7907.39,2234.6,76
2024-04,S011,Household,20559.62,5988.0,65
2024-04,S011,Personal Care,22700.86,6075.52,60
2024-04,S011,Snacks,10552.74,2725.1,82
2024-04,S012,Bakery,21836.65,6829.1,185
2024-04,S012,Beverages,41266.97,11656.72,207
2024-04,S012,Dairy,48027.44,15131.37,240
2024-04,S012,Frozen,42850.97,10726.74,122
2024-04,S012,Fruits & Vegetables,20920.42,5620.63,159
2024-04,S012,Household,27212.56,7780.77,87
2024-04,S012,Personal Care,52564.34,12937.77,120
2024-04,S012,Snacks,25773.03,7063.71,189
2024-05,S001,Bakery,11800.56,3509.25,102
2024-05,S001,Beverages,19371.91,5181.17,104
2024-05,S001,Dairy,20029.98,6306.39,90
2024-05,S001,Frozen,18739.98,4884.18,52
2024-05,S001,Fruits & Vegetables,10529.52,3037.89,91
2024-05,S001,Household,24189.99,6171.84,64
2024-05,S001,Personal Care,23815.25,6102.7,56
2024-05,S001,Snacks,14230.07,3615.26,123
2024-05,S002,Bakery,15485.33,4960.59,116
2024-05,S002,Beverages,31771.04,8495.45,163
2024-05,S002,Dairy,35042.28,11248.87,147
2024-05,S002,Frozen,41135.08,11279.65,129
2024-05,S002,Fruits & Vegetables,16202.18,4329.9,140
2024-05,S002,Household,29032.67,7405.69,85
2024-05,S002,Personal Care,34714.9,8428.84,92
2024-05,S002,Snacks,25985.34,7321.94,184
2024-05,S003,Bakery,49697.81,14592.94,428
2024-05,S003,Beverages,95874.09,30097.92,542
2024-05,S003,Dairy,97687.35,30714.49,429
2024-05,S003,Frozen,115368.89,29731.72,361
2024-05,S003,Fruits & Vegetables,53874.68,16132.78,479
2024-05,S003,Household,111076.0,31049.73,302
2024-05,S003,Personal Care,97294.92,23965.0,256
2024-05,S003,Snacks,58598.59,15563.77,427
2024-05,S004,Bakery,12602.65,3657.05,106
2024-05,S004,Beverages,19229.65,5538.95,101
2024-05,S004,Dairy,20661.82,6514.72,91
2024-05,S004,Frozen,13773.07,3819.04,46
2024-05,S004,Fruits & Vegetables,10137.65,2576.84,105
2024-05,S004,Household,35973.51,10472.45,102
2024-05,S004,Personal Care,23344.03,6195.3,65
2024-05,S004,Snacks,19104.25,5712.59,128
2024-05,S005,Bakery,17235.5,5349.4,150
2024-05,S005,Beverages,29739.62,9143.06,168
2024-05,S005,Dairy,24521.77,8032.21,113
2024-05,S005,Frozen,24015.06,6322.2,70
2024-05,S005,Fruits & Vegetables,13730.85,3808.02,126
2024-05,S005,Household,28064.14,6782.91,84
2024-05,S005,Personal Care,36042.79,8892.0,96
2024-05,S005,Snacks,24743.51,6824.26,195
2024-05,S006,Bakery,52689.23,14661.68,429
2024-05,S006,Beverages,97887.07,29319.27,576
2024-05,S006,Dairy,99724.0,31123.61,442
2024-05,S006,Frozen,102442.91,28437.34,271
2024-05,S006,Fruits & Vegetables,47063.24,11956.4,391
2024-05,S006,Household,85651.08,22978.13,255
2024-05,S006,Personal Care,112195.32,27683.0,265
2024-05,S006,Snacks,60236.4,16312.65,473
2024-05,S007,Bakery,52690.58,16750.61,466
2024-05,S007,Beverages,90410.5,24024.49,476
2024-05,S007,Dairy,83430.18,27501.22,374
2024-05,S007,Frozen,90662.37,25151.86,254
2024-05,S007,Fruits & Vegetables,43974.42,13539.55,382
2024-05,S007,Household,66512.65,17486.11,204
2024-05,S007,Personal Care,97453.04,24058.36,257
2024-05,S007,Snacks,58196.06,15010.76,436
2024-05,S008,Bakery,45993.62,14793.84,405
2024-05,S008,Beverages,104487.41,30330.14,592
2024-05,S008,Dairy,70999.9,22756.52,313
2024-05,S008,Frozen,103042.11,26308.48,339
2024-05,S008,Fruits & Vegetables,44524.78,12182.78,344
2024-05,S008,Household,87636.79,24162.83,261
2024-05,S008,Personal Care,93535.49,25406.59,230
2024-05,S008,Snacks,63346.31,15945.47,454
2024-05,S009,Bakery,20330.51,6106.13,145
2024-05,S009,Beverages,28011.96,8368.67,143
2024-05,S009,Dairy,22142.67,6175.02,116
2024-05,S009,Frozen,19176.47,5351.9,59
2024-05,S009,Fruits & Vegetables,17131.39,4706.46,134
2024-05,S009,Household,37619.94,9396.03,94
2024-05,S009,Personal Care,38594.11,9624.92,116
2024-05,S009,Snacks,27967.82,7036.79,195
2024-05,S010,Bakery,12853.93,3996.78,127
2024-05,S010,Beverages,24803.74,7756.23,130
2024-05,S010,Dairy,20883.73,6554.61,93
2024-05,S010,Frozen,36597.01,9626.51,93
2024-05,S010,Fruits & Vegetables,14385.93,4190.33,107
2024-05,S010,Household,32846.25,8590.86,93
2024-05,S010,Personal Care,40925.69,11520.37,91
2024-05,S010,Snacks,19218.43,4473.27,140
2024-05,S011,Bakery,13729.43,4053.48,111
2024-05,S011,Beverages,24948.23,7039.97,135
2024-05,S011,Dairy,20346.53,6624.02,91
2024-05,S011,Frozen,28372.6,7365.93,87
2024-05,S011,Fruits & Vegetables,11438.83,2812.19,96
2024-05,S011,Household,11305.46,3199.27,32
2024-05,S011,Personal Care,22916.99,6168.27,61
2024-05,S011,Snacks,19856.61,5513.43,132
2024-05,S012,Bakery,22504.06,6539.37,172
2024-05,S012,Beverages,40931.01,12709.51,207
2024-05,S012,Dairy,33396.55,10376.21,151
2024-05,S012,Frozen,35598.11,9182.47,120
2024-05,S012,Fruits & Vegetables,18122.18,5574.79,147
2024-05,S012,Household,38414.96,10900.3,104
2024-05,S012,Personal Care,36367.34,10187.75,93
2024-05,S012,Snacks,20550.38,5281.55,170
2024-06,S001,Bakery,12042.0,3329.55,108
2024-06,S001,Beverages,25368.06,7755.69,140
2024-06,S001,Dairy,17215.22,5236.45,82
2024-06,S001,Frozen,19564.43,4939.5,62
2024-06,S001,Fruits & Vegetables,13360.39,3746.45,116
2024-06,S001,Household,39631.47,11017.65,92
2024-06,S001,Personal Care,15207.66,4080.58,45
2024-06,S001,Snacks,18534.71,4864.87,133
2024-06,S002,Bakery,13131.55,3926.78,120
2024-06,S002,Beverages,34423.06,10591.14,177
2024-06,S002,Dairy,21237.24,6815.46,111
2024-06,S002,Frozen,30099.54,8392.33,92
2024-06,S002,Fruits & Vegetables,15959.24,4103.12,151
2024-06,S002,Household,38021.62,10164.47,114
2024-06,S002,Personal Care,39263.99,9367.55,115
2024-06,S002,Snacks,17690.66,4404.22,130
2024-06,S003,Bakery,45776.59,13415.65,402
2024-06,S003,Beverages,86702.14,26152.82,445
2024-06,S003,Dairy,90801.96,29795.0,387
2024-06,S003,Frozen,70011.98,17157.28,203
2024-06,S003,Fruits & Vegetables,42051.37,12660.04,350
2024-06,S003,Household,88370.67,23398.31,228
2024-06,S003,Personal Care,72796.03,17224.09,201
2024-06,S003,Snacks,59185.75,15308.19,431
2024-06,S004,Bakery,11451.93,3718.16,108
2024-06,S004,Beverages,20295.49,6096.29,115
2024-06,S004,Dairy,29457.45,9324.0,134
2024-06,S004,Frozen,17384.96,4763.05,52
2024-06,S004,Fruits & Vegetables,8738.3,2364.09,65
2024-06,S004,Household,27184.61,7560.74,77
2024-06,S004,Personal Care,21225.33,6317.26,58
2024-06,S004,Snacks,15409.78,5022.07,117
2024-06,S005,Bakery,17010.1,5107.94,151
2024-06,S005,Beverages,26858.88,8392.02,146
2024-06,S005,Dairy,27047.63,8085.85,144
2024-06,S005,Frozen,25224.21,6950.46,72
2024-06,S005,Fruits & Vegetables,20626.93,5804.88,169
2024-06,S005,Household,29499.29,7467.63,79
2024-06,S005,Personal Care,31249.93,7314.42,71
2024-06,S005,Snacks,17543.38,4573.63,134
2024-06,S006,Bakery,46439.26,13934.44,463
2024-06,S006,Beverages,77840.47,21824.55,480
2024-06,S006,Dairy,80722.41,24518.09,400
2024-06,S006,Frozen,101622.75,26541.92,314
2024-06,S006,Fruits & Vegetables,42547.84,11617.57,362
2024-06,S006,Household,88274.92,23656.62,237
2024-06,S006,Personal Care,100798.78,25906.01,247
2024-06,S006,Snacks,57063.44,15532.27,430
2024-06,S007,Bakery,44928.29,13898.17,392
2024-06,S007,Beverages,89365.49,28209.23,487
2024-06,S007,Dairy,86243.72,26733.07,380
2024-06,S007,Frozen,96451.78,23768.37,261
2024-06,S007,Fruits & Vegetables,38802.39,11635.4,328
2024-06,S007,Household,109200.9,27925.17,295
2024-06,S007,Personal Care,96309.78,23524.53,271
2024-06,S007,Snacks,56013.2,15672.18,444
2024-06,S008,Bakery,42867.37,12604.43,361
2024-06,S008,Beverages,79147.53,23822.16,415
2024-06,S008,Dairy,81295.71,24323.28,369
2024-06,S008,Frozen,73755.67,19188.77,225
2024-06,S008,Fruits & Vegetables,46832.83,12220.57,376
2024-06,S008,Household,74202.65,20801.73,221
2024-06,S008,Personal Care,85618.67,20870.83,223
2024-06,S008,Snacks,49268.98,12399.71,354
2024-06,S009,Bakery,10868.65,3184.83,108
2024-06,S009,Beverages,40807.4,12302.67,188
2024-06,S009,Dairy,32729.3,10031.42,145
2024-06,S009,Frozen,25676.25,6996.73,83
2024-06,S009,Fruits & Vegetables,14240.81,4265.17,120
2024-06,S009,Household,36518.7,9794.64,105
2024-06,S009,Personal Care,36891.38,8703.26,88
2024-06,S009,Snacks,18074.67,4569.56,139
2024-06,S010,Bakery,16172.41,4782.24,146
2024-06,S010,Beverages,28693.6,8971.4,145
2024-06,S010,Dairy,24312.96,7738.46,108
2024-06,S010,Frozen,29320.76,8354.27,92
2024-06,S010,Fruits & Vegetables,19281.35,5653.11,155
2024-06,S010,Household,34426.8,9174.53,110
2024-06,S010,Personal Care,32509.22,8275.11,77
2024-06,S010,Snacks,14198.78,3483.18,98
2024-06,S011,Bakery,17518.69,5486.57,141
2024-06,S011,Beverages,26554.54,8047.13,138
2024-06,S011,Dairy,22460.1,7726.8,103
2024-06,S011,Frozen,22227.01,5943.93,70
2024-06,S011,Fruits & Vegetables,16663.42,4568.38,125
2024-06,S011,Household,16894.66,4475.29,47
2024-06,S011,Personal Care,22265.85,6237.45,51
2024-06,S011,Snacks,18848.14,5211.92,152
2024-06,S012,Bakery,16819.98,5025.21,173
2024-06,S012,Beverages,51399.44,14193.46,287
2024-06,S012,Dairy,44501.33,13121.57,188
2024-06,S012,Frozen,39522.12,9808.94,113
2024-06,S012,Fruits & Vegetables,21698.58,6439.93,173
2024-06,S012,Household,32549.45,8626.9,104
2024-06,S012,Personal Care,35109.8,8950.65,94
2024-06,S012,Snacks,25438.48,6229.03,198
2024-07,S001,Bakery,10281.86,2847.74,86
2024-07,S001,Beverages,17275.47,5304.81,99
2024-07,S001,Dairy,26020.86,8905.77,120
2024-07,S001,Frozen,18021.65,4787.11,45
2024-07,S001,Fruits & Vegetables,11432.26,3767.9,99
2024-07,S001,Household,15945.75,4585.72,45
2024-07,S001,Personal Care,25950.1,6716.51,70
2024-07,S001,Snacks,14793.62,3894.6,102
2024-07,S002,Bakery,14934.41,4701.7,126
2024-07,S002,Beverages,29981.81,9191.04,168
2024-07,S002,Dairy,27175.89,8561.92,128
2024-07,S002,Frozen,30308.96,8508.67,85
2024-07,S002,Fruits & Vegetables,15000.09,4314.46,137
2024-07,S002,Household,20793.4,5792.55,62
2024-07,S002,Personal Care,23856.59,7196.89,71
2024-07,S002,Snacks,21477.5,5457.59,168
2024-07,S003,Bakery,52545.31,15156.48,447
2024-07,S003,Beverages,91800.73,26675.42,506
2024-07,S003,Dairy,82282.02,24811.69,348
2024-07,S003,Frozen,74481.52,20466.9,225
2024-07,S003,Fruits & Vegetables,44949.44,13485.14,384
2024-07,S003,Household,96724.21,24325.31,278
2024-07,S003,Personal Care,96242.88,23878.68,241
2024-07,S003,Snacks,44470.06,10967.86,340
2024-07,S004,Bakery,12536.02,3541.36,126
2024-07,S004,Beverages,17177.03,4703.45,116
2024-07,S004,Dairy,25369.17,8326.79,109
2024-07,S004,Frozen,20992.06,5916.94,62
2024-07,S004,Fruits & Vegetables,8001.12,2182.73,71
2024-07,S004,Household,15450.66,3840.76,49
2024-07,S004,Personal Care,27894.32,7923.18,77
2024-07,S004,Snacks,10489.71,2600.44,84
2024-07,S005,Bakery,16171.73,4997.87,126
2024-07,S005,Beverages,17872.85,4880.29,104
2024-07,S005,Dairy,28292.33,10050.28,124
2024-07,S005,Frozen,24566.13,7382.4,70
2024-07,S005,Fruits & Vegetables,11578.07,2991.41,96
2024-07,S005,Household,18999.88,5430.52,50
2024-07,S005,Personal Care,22922.92,5609.81,55
2024-07,S005,Snacks,17179.16,4232.65,136
2024-07,S006,Bakery,43138.85,12274.64,368
2024-07,S006,Beverages,83954.18,26472.76,503
2024-07,S006,Dairy,76394.61,23723.93,313
2024-07,S006,Frozen,88202.17,23553.08,278
2024-07,S006,Fruits & Vegetables,39592.96,11730.93,337
2024-07,S006,Household,73820.63,19947.08,198
2024-07,S006,Personal Care,72021.36,18533.81,198
2024-07,S006,Snacks,46773.71,12675.32,390
2024-07,S007,Bakery,48783.02,14040.11,401
2024-07,S007,Beverages,81120.54,25398.51,474
2024-07,S007,Dairy,81756.79,25360.77,359
2024-07,S007,Frozen,59644.63,14838.63,178
2024-07,S007,Fruits & Vegetables,47853.22,12797.74,372
2024-07,S007,Household,80314.93,24034.19,243
2024-07,S007,Personal Care,68656.88,17139.83,161
2024-07,S007,Snacks,50636.29,12915.95,373
2024-07,S008,Bakery,44911.04,13957.57,397
2024-07,S008,Beverages,87000.46,25378.09,451
2024-07,S008,Dairy,79291.99,23775.77,383
2024-07,S008,Frozen,98145.42,24589.05,284
2024-07,S008,Fruits & Vegetables,38352.2,11399.62,325
2024-07,S008,Household,74085.37,18434.08,227
2024-07,S008,Personal Care,97170.44,24569.71,235
2024-07,S008,Snacks,55465.0,13884.4,390
2024-07,S009,Bakery,12510.46,3362.81,127
2024-07,S009,Beverages,27600.07,7578.13,136
2024-07,S009,Dairy,19785.84,5376.1,103
2024-07,S009,Frozen,23901.05,6508.7,66
2024-07,S009,Fruits & Vegetables,12009.66,3183.12,95
2024-07,S009,Household,16690.26,4566.1,46
2024-07,S009,Personal Care,24899.87,6370.72,65
2024-07,S009,Snacks,16849.68,4364.61,123
2024-07,S010,Bakery,15025.57,4354.48,116
2024-07,S010,Beverages,38550.26,10604.1,189
2024-07,S010,Dairy,33503.54,10512.01,147
2024-07,S010,Frozen,29586.37,8176.97,82
2024-07,S010,Fruits & Vegetables,13508.63,4159.59,133
2024-07,S010,Household,28901.45,8479.21,78
2024-07,S010,Personal Care,26950.26,7035.25,64
2024-07,S010,Snacks,22970.37,6088.77,162
2024-07,S011,Bakery,11043.48,3089.73,92
2024-07,S011,Beverages,22494.18,6834.01,128
2024-07,S011,Dairy,20100.07,5989.18,110
2024-07,S011,Frozen,14965.04,3950.73,41
2024-07,S011,Fruits & Vegetables,10145.5,3017.08,78
2024-07,S011,Household,8118.3,2111.1,26
2024-07,S011,Personal Care,13056.19,3558.59,36
2024-07,S011,Snacks,12218.42,3099.16,96
2024-07,S012,Bakery,23827.33,7183.95,187
2024-07,S012,Beverages,51047.88,14321.92,276
2024-07,S012,Dairy,42445.11,14211.2,172
2024-07,S012,Frozen,29207.03,7552.73,87
2024-07,S012,Fruits & Vegetables,22275.19,6346.34,177
2024-07,S012,Household,62292.71,17209.36,160
2024-07,S012,Personal Care,39759.4,9725.4,114
2024-07,S012,Snacks,23976.45,6578.64,208
2024-08,S001,Bakery,9464.7,3110.65,86
2024-08,S001,Beverages,20571.38,6219.42,110
2024-08,S001,Dairy,18214.52,6134.89,82
2024-08,S001,Frozen,26954.76,7229.03,81
2024-08,S001,Fruits & Vegetables,6481.22,1841.49,64
2024-08,S001,Household,15461.7,4500.01,47
2024-08,S001,Personal Care,26840.35,6444.27,70
2024-08,S001,Snacks,16178.66,4334.18,110
2024-08,S002,Bakery,18126.97,5214.26,149
2024-08,S002,Beverages,33610.63,10151.24,181
2024-08,S002,Dairy,24944.53,8959.26,117
2024-08,S002,Frozen,37837.19,10710.97,109
2024-08,S002,Fruits & Vegetables,10476.83,3268.87,91
2024-08,S002,Household,27596.9,7269.45,73
2024-08,S002,Personal Care,30044.81,8546.07,81
2024-08,S002,Snacks,21335.74,6032.69,160
2024-08,S003,Bakery,54351.5,16282.36,467
2024-08,S003,Beverages,78441.27,22763.26,441
2024-08,S003,Dairy,101727.24,29979.96,427
2024-08,S003,Frozen,94211.04,25701.63,277
2024-08,S003,Fruits & Vegetables,44661.86,12714.69,376
2024-08,S003,Household,95865.49,26824.55,257
2024-08,S003,Personal Care,102996.29,27792.67,279
2024-08,S003,Snacks,53970.36,14389.34,442
2024-08,S004,Bakery,11616.74,3578.1,94
2024-08,S004,Beverages,19841.09,5974.59,108
2024-08,S004,Dairy,20719.45,6685.91,98
2024-08,S004,Frozen,25073.18,7072.79,77
2024-08,S004,Fruits & Vegetables,11481.93,3158.81,100
2024-08,S004,Household,13088.57,3464.9,44
2024-08,S004,Personal Care,23529.7,5837.98,65
2024-08,S004,Snacks,17011.93,4783.64,134
2024-08,S005,Bakery,13266.04,3823.34,110
2024-08,S005,Beverages,38838.97,10995.89,217
2024-08,S005,Dairy,28622.12,8938.53,145
2024-08,S005,Frozen,21450.62,5541.25,68
2024-08,S005,Fruits & Vegetables,17115.39,5223.87,168
2024-08,S005,Household,25393.29,6085.17,81
2024-08,S005,Personal Care,25833.06,6516.31,66
2024-08,S005,Snacks,20217.24,5827.47,132
2024-08,S006,Bakery,47562.52,14796.79,419
2024-08,S006,Beverages,81527.3,24919.67,486
2024-08,S006,Dairy,73895.13,23068.64,354
2024-08,S006,Frozen,96880.33,27496.51,279
2024-08,S006,Fruits & Vegetables,44544.86,12408.86,342
2024-08,S006,Household,90417.53,24151.2,264
2024-08,S006,Personal Care,63898.45,15635.95,175
2024-08,S006,Snacks,54524.57,14913.31,409
2024-08,S007,Bakery,43176.02,12555.18,393
2024-08,S007,Beverages,77360.38,21657.05,459
2024-08,S007,Dairy,70134.32,20865.84,334
2024-08,S007,Frozen,96819.56,23978.22,287
2024-08,S007,Fruits & Vegetables,37347.39,10914.7,321
2024-08,S007,Household,85138.34,22164.9,220
2024-08,S007,Personal Care,95913.73,23102.89,244
2024-08,S007,Snacks,45165.82,12750.53,370
2024-08,S008,Bakery,54343.44,16738.25,467
2024-08,S008,Beverages,86571.47,27078.15,472
2024-08,S008,Dairy,96060.95,28963.27,429
2024-08,S008,Frozen,84893.36,21313.88,242
2024-08,S008,Fruits & Vegetables,50266.94,13973.46,375
2024-08,S008,Household,79379.03,23183.88,248
2024-08,S008,Personal Care,71638.36,17888.65,172
2024-08,S008,Snacks,53694.46,15067.14,394
2024-08,S009,Bakery,13364.65,3903.74,111
2024-08,S009,Beverages,26706.24,7545.32,142
2024-08,S009,Dairy,26839.04,8330.59,133
2024-08,S009,Frozen,23224.68,5716.28,76
2024-08,S009,Fruits & Vegetables,15998.07,4509.3,140
2024-08,S009,Household,33481.51,9296.31,90
2024-08,S009,Personal Care,17431.38,5219.92,54
2024-08,S009,Snacks,18617.89,4688.83,140
2024-08,S010,Bakery,20598.63,5877.53,170
2024-08,S010,Beverages,23412.37,6863.64,149
2024-08,S010,Dairy,24785.34,7499.58,120
2024-08,S010,Frozen,33160.94,8501.32,94
2024-08,S010,Fruits & Vegetables,15878.12,4614.88,117
2024-08,S010,Household,24905.17,6248.66,71
2024-08,S010,Personal Care,29881.0,7086.38,76
2024-08,S010,Snacks,19213.41,5370.49,154
2024-08,S011,Bakery,12105.47,3663.08,112
2024-08,S011,Beverages,24814.34,6951.49,132
2024-08,S011,Dairy,21815.77,6690.15,97
2024-08,S011,Frozen,27701.85,7742.48,86
2024-08,S011,Fruits & Vegetables,13441.1,3913.88,111
2024-08,S011,Household,25600.77,7388.54,65
2024-08,S011,Personal Care,28343.39,6846.35,60
2024-08,S011,Snacks,13092.32,3378.81,102
2024-08,S012,Bakery,25302.58,8469.61,212
2024-08,S012,Beverages,42529.8,12160.12,253
2024-08,S012,Dairy,34316.74,11200.18,143
2024-08,S012,Frozen,33374.02,8015.21,104
2024-08,S012,Fruits & Vegetables,23192.46,6811.76,195
2024-08,S012,Household,46790.5,12200.29,133
2024-08,S012,Personal Care,39972.91,10827.19,105
2024-08,S012,Snacks,29822.08,7972.61,208
2024-09,S001,Bakery,12850.2,3944.63,94
2024-09,S001,Beverages,25935.55,7513.59,141
2024-09,S001,Dairy,26805.89,7869.65,109
2024-09,S001,Frozen,20723.14,5731.05,75
2024-09,S001,Fruits & Vegetables,10321.94,2701.84,98
2024-09,S001,Household,22739.9,5889.77,63
2024-09,S001,Personal Care,34534.56,9038.0,82
2024-09,S001,Snacks,12360.04,3425.38,86
2024-09,S002,Bakery,14512.19,4297.59,124
2024-09,S002,Beverages,32653.97,8334.98,179
2024-09,S002,Dairy,23149.34,7483.61,120
2024-09,S002,Frozen,25707.26,7266.6,70
2024-09,S002,Fruits & Vegetables,12178.87,3536.24,112
2024-09,S002,Household,30241.32,9543.84,86
2024-09,S002,Personal Care,31527.4,6819.41,92
2024-09,S002,Snacks,16491.85,4472.75,122
2024-09,S003,Bakery,49859.19,14676.87,434
2024-09,S003,Beverages,90834.99,27211.64,510
2024-09,S003,Dairy,74391.43,23214.71,350
2024-09,S003,Frozen,111096.48,29130.84,321
2024-09,S003,Fruits & Vegetables,45130.42,12779.75,378
2024-09,S003,Household,96549.24,25375.29,280
2024-09,S003,Personal Care,80133.59,21816.38,209
2024-09,S003,Snacks,60620.73,14811.03,406
2024-09,S004,Bakery,9113.66,2621.62,83
2024-09,S004,Beverages,14391.73,3907.11,96
2024-09,S004,Dairy,20147.44,5939.09,109
2024-09,S004,Frozen,28178.06,7706.06,79
2024-09,S004,Fruits & Vegetables,9037.6,2407.12,74
2024-09,S004,Household,18017.53,4471.3,45
2024-09,S004,Personal Care,24250.95,5694.16,66
2024-09,S004,Snacks,13757.52,3967.57,95
2024-09,S005,Bakery,16865.13,5302.54,164
2024-09,S005,Beverages,33476.55,10291.36,189
2024-09,S005,Dairy,26947.75,8464.14,120
2024-09,S005,Frozen,35977.67,10111.2,107
2024-09,S005,Fruits & Vegetables,10390.18,2748.77,97
2024-09,S005,Household,40401.4,11043.09,116
2024-09,S005,Personal Care,29869.05,6867.78,79
2024-09,S005,Snacks,17254.43,4762.32,155
2024-09,S006,Bakery,47493.77,14862.36,454
2024-09,S006,Beverages,103114.05,27879.19,558
2024-09,S006,Dairy,78712.86,25580.64,398
2024-09,S006,Frozen,98055.4,26520.27,299
2024-09,S006,Fruits & Vegetables,56445.15,14697.09,451
2024-09,S006,Household,105818.91,25825.12,274
2024-09,S006,Personal Care,100842.28,23878.28,261
2024-09,S006,Snacks,54320.7,14934.65,384
2024-09,S007,Bakery,43142.0,11953.91,348
2024-09,S007,Beverages,84973.49,23215.43,489
2024-09,S007,Dairy,77805.31,25244.01,348
2024-09,S007,Frozen,89292.71,24055.43,276
2024-09,S007,Fruits & Vegetables,54153.84,15382.95,421
2024-09,S007,Household,102243.33,26678.26,251
2024-09,S007,Personal Care,74060.73,18321.61,198
2024-09,S007,Snacks,50846.02,13528.95,386
2024-09,S008,Bakery,48674.06,13781.61,392
2024-09,S008,Beverages,92784.7,27128.87,482
2024-09,S008,Dairy,94955.21,31578.49,447
2024-09,S008,Frozen,82579.34,22096.65,236
2024-09,S008,Fruits & Vegetables,47645.36,12908.27,399
2024-09,S008,Household,87314.4,22485.11,215
2024-09,S008,Personal Care,66471.71,17674.0,183
2024-09,S008,Snacks,56566.12,14775.28,455
2024-09,S009,Bakery,15278.53,4604.02,142
2024-09,S009,Beverages,25183.49,8084.99,129
2024-09,S009,Dairy,18868.8,5607.42,92
2024-09,S009,Frozen,22037.04,6357.05,65
2024-09,S009,Fruits & Vegetables,17371.78,5318.04,141
2024-09,S009,Household,40347.29,11082.0,123
2024-09,S009,Personal Care,22786.94,6216.58,51
2024-09,S009,Snacks,18760.28,5591.15,146
2024-09,S010,Bakery,23505.54,7459.26,186
2024-09,S010,Beverages,27229.29,7931.38,149
2024-09,S010,Dairy,35522.03,10881.35,155
2024-09,S010,Frozen,27073.78,6606.41,76
2024-09,S010,Fruits & Vegetables,14828.42,4324.44,144
2024-09,S010,Household,31586.92,8416.73,89
2024-09,S010,Personal Care,30119.16,8451.81,81
2024-09,S010,Snacks,14800.83,3579.78,109
2024-09,S011,Bakery,11548.37,3963.37,105
2024-09,S011,Beverages,21739.68,6099.63,121
2024-09,S011,Dairy,16886.59,5662.34,80
2024-09,S011,Frozen,18753.55,5125.25,57
2024-09,S011,Fruits & Vegetables,7297.92,1985.66,60
2024-09,S011,Household,26923.16,7949.71,78
2024-09,S011,Personal Care,19683.11,5380.51,48
2024-09,S011,Snacks,12467.53,3327.34,98
2024-09,S012,Bakery,25772.81,7372.63,232
2024-09,S012,Beverages,53734.69,15649.89,306
2024-09,S012,Dairy,40725.23,12462.65,190
2024-09,S012,Frozen,46671.6,12712.33,150
2024-09,S012,Fruits & Vegetables,24667.42,7153.58,206
2024-09,S012,Household,48573.06,14555.77,153
2024-09,S012,Personal Care,32486.2,7766.88,96
2024-09,S012,Snacks,25337.29,5851.14,173
2024-10,S001,Bakery,13381.88,4020.94,104
2024-10,S001,Beverages,19854.82,5146.07,109
2024-10,S001,Dairy,24844.79,7717.88,115
2024-10,S001,Frozen,30397.61,9626.63,90
2024-10,S001,Fruits & Vegetables,16197.91,4679.36,128
2024-10,S001,Household,21103.54,5786.41,56
2024-10,S001,Personal Care,24964.31,6859.91,65
2024-10,S001,Snacks,15143.77,4390.42,135
2024-10,S002,Bakery,14558.69,4437.98,117
2024-10,S002,Beverages,36951.54,10384.63,202
2024-10,S002,Dairy,27386.74,8756.31,135
2024-10,S002,Frozen,41222.6,10306.65,120
2024-10,S002,Fruits & Vegetables,19753.92,5544.74,144
2024-10,S002,Household,47940.06,12721.0,131
2024-10,S002,Personal Care,24941.04,6777.71,60
2024-10,S002,Snacks,22405.74,5556.17,162
2024-10,S003,Bakery,46801.71,13187.06,431
2024-10,S003,Beverages,110590.9,32228.45,577
2024-10,S003,Dairy,92284.99,27276.2,438
2024-10,S003,Frozen,74743.36,20927.52,215
2024-10,S003,Fruits & Vegetables,51914.14,15880.02,441
2024-10,S003,Household,85939.56,23974.74,262
2024-10,S003,Personal Care,81712.33,21944.19,194
2024-10,S003,Snacks,69583.01,18406.58,547
2024-10,S004,Bakery,19914.08,6315.81,159
2024-10,S004,Beverages,27471.61,8320.16,154
2024-10,S004,Dairy,20574.97,6782.11,102
2024-10,S004,Frozen,22909.09,5832.49,64
2024-10,S004,Fruits & Vegetables,9337.38,3033.15,88
2024-10,S004,Household,39250.79,10284.11,89
2024-10,S004,Personal Care,23710.84,6077.97,56
2024-10,S004,Snacks,14553.63,4059.74,111
2024-10,S005,Bakery,12856.72,3915.78,113
2024-10,S005,Beverages,27320.2,7329.31,158
2024-10,S005,Dairy,31663.74,10217.94,155
2024-10,S005,Frozen,26306.24,6643.74,69
2024-10,S005,Fruits & Vegetables,13277.69,3742.28,117
2024-10,S005,Household,27841.83,7320.51,77
2024-10,S005,Personal Care,17154.57,4602.37,45
2024-10,S005,Snacks,22671.96,5956.79,165
2024-10,S006,Bakery,44655.53,13629.36,380
2024-10,S006,Beverages,99754.4,27415.96,526
2024-10,S006,Dairy,83924.68,26377.75,384
2024-10,S006,Frozen,78030.53,20239.06,214
2024-10,S006,Fruits & Vegetables,46877.54,13938.73,390
2024-10,S006,Household,94057.32,26164.33,263
2024-10,S006,Personal Care,93491.69,23796.27,257
2024-10,S006,Snacks,56165.27,14493.48,379
2024-10,S007,Bakery,57790.92,18260.53,504
2024-10,S007,Beverages,98023.42,30626.74,578
2024-10,S007,Dairy,83688.16,27524.14,392
2024-10,S007,Frozen,101217.86,27380.0,317
2024-10,S007,Fruits & Vegetables,54523.89,15178.28,462
2024-10,S007,Household,106799.26,29760.75,307
2024-10,S007,Personal Care,85390.85,22980.3,273
2024-10,S007,Snacks,59760.06,16832.19,497
2024-10,S008,Bakery,51848.59,15998.55,494
2024-10,S008,Beverages,84280.43,24609.74,477
2024-10,S008,Dairy,78866.8,25351.83,393
2024-10,S008,Frozen,83327.08,22333.36,234
2024-10,S008,Fruits & Vegetables,47564.41,13252.93,416
2024-10,S008,Household,95807.4,25836.25,243
2024-10,S008,Personal Care,90141.75,24345.85,249
2024-10,S008,Snacks,55012.9,15066.38,402
2024-10,S009,Bakery,19542.65,5893.49,177
2024-10,S009,Beverages,33930.05,9581.26,204
2024-10,S009,Dairy,45024.13,13956.99,194
2024-10,S009,Frozen,34698.99,9282.91,101
2024-10,S009,Fruits & Vegetables,14544.64,4168.8,131
2024-10,S009,Household,39555.19,11148.42,106
2024-10,S009,Personal Care,19941.69,5287.91,66
2024-10,S009,Snacks,22341.72,6396.1,168
2024-10,S010,Bakery,16066.48,4395.49,151
2024-10,S010,Beverages,25047.57,7342.21,154
2024-10,S010,Dairy,30105.6,9513.94,135
2024-10,S010,Frozen,25368.04,6425.84,81
2024-10,S010,Fruits & Vegetables,13416.1,3791.64,112
2024-10,S010,Household,34742.5,8915.29,91
2024-10,S010,Personal Care,32106.72,7952.07,99
2024-10,S010,Snacks,23542.18,6391.69,171
2024-10,S011,Bakery,13163.49,4589.76,118
2024-10,S011,Beverages,29888.7,7875.8,155
2024-10,S011,Dairy,31013.12,10629.99,150
2024-10,S011,Frozen,15958.83,4550.49,53
2024-10,S011,Fruits & Vegetables,14856.03,3950.31,129
2024-10,S011,Household,26199.84,6900.12,75
2024-10,S011,Personal Care,25729.03,7059.28,63
2024-10,S011,Snacks,20082.51,5919.35,154
2024-10,S012,Bakery,24324.09,6719.02,182
2024-10,S012,Beverages,49407.35,12454.47,269
2024-10,S012,Dairy,40195.42,12454.63,218
2024-10,S012,Frozen,41878.85,12089.35,133
2024-10,S012,Fruits & Vegetables,25048.08,7372.25,216
2024-10,S012,Household,35977.01,9954.34,110
2024-10,S012,Personal Care,45781.18,11842.06,117
2024-10,S012,Snacks,28149.12,7860.8,252
2024-11,S001,Bakery,17663.43,5041.62,149
2024-11,S001,Beverages,29716.22,9033.01,159
2024-11,S001,Dairy,38094.66,12129.4,168
2024-11,S001,Frozen,27913.71,7832.34,83
2024-11,S001,Fruits & Vegetables,15692.85,4445.78,121
2024-11,S001,Household,32956.19,8861.94,99
2024-11,S001,Personal Care,26157.81,7240.74,66
2024-11,S001,Snacks,22550.38,5488.14,170
2024-11,S002,Bakery,23855.37,7038.24,173
2024-11,S002,Beverages,32555.25,8798.77,175
2024-11,S002,Dairy,30420.2,9750.52,141
2024-11,S002,Frozen,36610.94,9649.33,110
2024-11,S002,Fruits & Vegetables,12393.17,3656.05,108
2024-11,S002,Household,27568.3,8072.3,83
2024-11,S002,Personal Care,39140.87,9438.94,93
2024-11,S002,Snacks,23606.55,6310.82,166
2024-11,S003,Bakery,54049.58,15384.15,435
2024-11,S003,Beverages,96128.07,27489.77,535
2024-11,S003,Dairy,93624.66,30461.03,457
2024-11,S003,Frozen,101806.16,25205.35,284
2024-11,S003,Fruits & Vegetables,55319.3,15354.84,456
2024-11,S003,Household,92189.05,25014.91,269
2024-11,S003,Personal Care,111348.37,26158.78,276
2024-11,S003,Snacks,64493.8,18402.53,488
2024-11,S004,Bakery,13055.44,3641.7,122
2024-11,S004,Beverages,28184.48,8820.25,144
2024-11,S004,Dairy,24469.25,7013.25,100
2024-11,S004,Frozen,22936.23,6126.08,66
2024-11,S004,Fruits & Vegetables,10803.02,3210.63,82
2024-11,S004,Household,23549.35,6055.75,60
2024-11,S004,Personal Care,16402.85,4292.71,33
2024-11,S004,Snacks,15857.14,4253.7,129
2024-11,S005,Bakery,12615.46,3523.76,117
2024-11,S005,Beverages,39369.97,12421.92,234
2024-11,S005,Dairy,43150.94,13790.71,202
2024-11,S005,Frozen,46356.69,13349.71,135
2024-11,S005,Fruits & Vegetables,18101.98,4628.43,153
2024-11,S005,Household,25590.63,7476.52,81
2024-11,S005,Personal Care,31135.61,7288.5,70
2024-11,S005,Snacks,28523.8,6719.56,197
2024-11,S006,Bakery,50937.26,15300.72,458
2024-11,S006,Beverages,98284.03,27261.91,544
2024-11,S006,Dairy,105243.1,33021.9,468
2024-11,S006,Frozen,106883.93,26798.89,293
2024-11,S006,Fruits & Vegetables,63285.5,16722.22,472
2024-11,S006,Household,106836.34,32496.84,296
2024-11,S006,Personal Care,87406.52,22044.59,268
2024-11,S006,Snacks,69257.66,17662.27,528
2024-11,S007,Bakery,66058.07,20466.46,559
2024-11,S007,Beverages,104233.02,30605.74,563
2024-11,S007,Dairy,99158.51,34434.28,482
2024-11,S007,Frozen,119064.54,31170.18,324
2024-11,S007,Fruits & Vegetables,63587.58,17017.32,534
2024-11,S007,Household,115350.53,33034.14,361
2024-11,S007,Personal Care,101716.82,26237.83,290
2024-11,S007,Snacks,51803.04,14629.98,429
2024-11,S008,Bakery,54310.79,16332.74,438
2024-11,S008,Beverages,101789.75,26639.36,536
2024-11,S008,Dairy,114552.63,36222.55,530
2024-11,S008,Frozen,115760.29,29706.87,317
2024-11,S008,Fruits & Vegetables,62354.71,18947.3,491
2024-11,S008,Household,109362.56,26440.89,269
2024-11,S008,Personal Care,90828.67,23192.04,231
2024-11,S008,Snacks,67485.37,19176.41,521
2024-11,S009,Bakery,17755.51,5075.4,168
2024-11,S009,Beverages,40816.99,11257.13,221
2024-11,S009,Dairy,30356.28,9583.52,147
2024-11,S009,Frozen,29503.21,8794.02,78
2024-11,S009,Fruits & Vegetables,24224.29,7035.57,177
2024-11,S009,Household,36039.39,10312.62,104
2024-11,S009,Personal Care,38864.68,9842.88,96
2024-11,S009,Snacks,27202.83,6953.53,190
2024-11,S010,Bakery,14023.62,3911.46,130
2024-11,S010,Beverages,40792.42,11743.87,227
2024-11,S010,Dairy,26371.9,7835.92,107
2024-11,S010,Frozen,40146.17,10328.5,131
2024-11,S010,Fruits & Vegetables,17998.03,4971.08,157
2024-11,S010,Household,37493.24,11478.78,108
2024-11,S010,Personal Care,30947.92,6992.61,79
2024-11,S010,Snacks,22479.85,5530.53,163
2024-11,S011,Bakery,22192.54,7297.73,181
2024-11,S011,Beverages,27422.0,7623.91,164
2024-11,S011,Dairy,20208.24,6739.85,101
2024-11,S011,Frozen,33718.75,8553.65,98
2024-11,S011,Fruits & Vegetables,14054.57,4066.33,113
2024-11,S011,Household,26216.86,7279.92,73
2024-11,S011,Personal Care,12760.12,3327.02,46
2024-11,S011,Snacks,15678.38,4272.32,117
2024-11,S012,Bakery,21499.46,6301.52,199
2024-11,S012,Beverages,47174.77,12990.59,268
2024-11,S012,Dairy,39112.2,12494.68,190
2024-11,S012,Frozen,43422.35,11315.6,130
2024-11,S012,Fruits & Vegetables,27013.48,7152.67,232
2024-11,S012,Household,36079.89,8926.37,105
2024-11,S012,Personal Care,50403.19,13519.92,136
2024-11,S012,Snacks,33927.56,8666.03,261
2024-12,S001,Bakery,17708.77,5440.18,160
2024-12,S001,Beverages,30469.8,8630.92,168
2024-12,S001,Dairy,21516.04,7015.46,92
2024-12,S001,Frozen,29805.72,7457.89,92
2024-12,S001,Fruits & Vegetables,19127.7,5349.9,148
2024-12,S001,Household,40782.69,10247.02,101
2024-12,S001,Personal Care,26613.85,7317.43,67
2024-12,S001,Snacks,19727.34,5620.41,153
2024-12,S002,Bakery,23835.41,6860.48,182
2024-12,S002,Beverages,40936.82,12013.96,233
2024-12,S002,Dairy,35764.88,12061.39,165
2024-12,S002,Frozen,48632.51,13631.87,153
2024-12,S002,Fruits & Vegetables,20501.78,5556.13,175
2024-12,S002,Household,40670.03,11466.46,108
2024-12,S002,Personal Care,41808.16,11984.57,119
2024-12,S002,Snacks,20049.77,5259.8,146
2024-12,S003,Bakery,72580.02,22488.46,562
2024-12,S003,Beverages,113768.07,35096.79,614
2024-12,S003,Dairy,125355.99,40064.94,515
2024-12,S003,Frozen,119766.17,34782.19,374
2024-12,S003,Fruits & Vegetables,57473.78,16157.97,464
2024-12,S003,Household,118022.46,34310.59,333
2024-12,S003,Personal Care,126277.32,31799.73,317
2024-12,S003,Snacks,79130.07,20924.64,546
2024-12,S004,Bakery,13054.7,4245.2,104
2024-12,S004,Beverages,23159.47,6272.11,126
2024-12,S004,Dairy,22211.06,7265.26,114
2024-12,S004,Frozen,28240.64,7251.32,82
2024-12,S004,Fruits & Vegetables,12033.94,3243.49,92
2024-12,S004,Household,25223.07,6694.22,67
2024-12,S004,Personal Care,31756.28,8622.74,78
2024-12,S004,Snacks,14314.52,3691.57,119
2024-12,S005,Bakery,17706.91,5382.55,173
2024-12,S005,Beverages,37918.31,10270.27,205
2024-12,S005,Dairy,29642.41,9432.99,147
2024-12,S005,Frozen,49235.93,12481.78,128
2024-12,S005,Fruits & Vegetables,23337.6,6789.54,194
2024-12,S005,Household,37666.05,11124.74,106
2024-12,S005,Personal Care,37863.93,9259.22,100
2024-12,S005,Snacks,25098.41,6424.56,183
2024-12,S006,Bakery,70790.65,20398.84,581
2024-12,S006,Beverages,121153.69,34716.68,668
2024-12,S006,Dairy,111703.27,31711.33,513
2024-12,S006,Frozen,114913.44,31851.04,310
2024-12,S006,Fruits & Vegetables,52959.62,16353.12,448
2024-12,S006,Household,97640.53,26846.64,269
2024-12,S006,Personal Care,122913.75,32267.11,300
2024-12,S006,Snacks,82378.39,20612.39,575
2024-12,S007,Bakery,47922.78,15320.4,400
2024-12,S007,Beverages,108691.81,30671.35,560
2024-12,S007,Dairy,89013.92,27485.44,412
2024-12,S007,Frozen,100743.85,27461.18,291
2024-12,S007,Fruits & Vegetables,63776.96,18301.27,525
2024-12,S007,Household,132566.04,34838.94,382
2024-12,S007,Personal Care,112102.75,31158.67,284
2024-12,S007,Snacks,71204.36,17598.68,559
2024-12,S008,Bakery,68167.3,22359.95,600
2024-12,S008,Beverages,105602.94,33147.7,569
2024-12,S008,Dairy,91942.04,31054.04,466
2024-12,S008,Frozen,109403.89,30042.15,321
2024-12,S008,Fruits & Vegetables,55879.93,15979.21,500
2024-12,S008,Household,127712.86,32177.9,323
2024-12,S008,Personal Care,121084.3,30752.24,305
2024-12,S008,Snacks,80508.4,21447.39,546
2024-12,S009,Bakery,20535.52,5915.24,179
2024-12,S009,Beverages,38547.51,11099.27,186
2024-12,S009,Dairy,39401.62,12647.84,186
2024-12,S009,Frozen,29509.2,8235.83,101
2024-12,S009,Fruits & Vegetables,18556.78,5018.76,147
2024-12,S009,Household,53166.8,13731.14,142
2024-12,S009,Personal Care,47323.93,11753.01,116
2024-12,S009,Snacks,23320.21,6018.28,162
2024-12,S010,Bakery,17700.17,5655.29,137
2024-12,S010,Beverages,41507.23,10941.57,199
2024-12,S010,Dairy,37795.8,13020.37,200
2024-12,S010,Frozen,42613.17,11543.18,119
2024-12,S010,Fruits & Vegetables,15081.08,4167.28,131
2024-12,S010,Household,40702.38,10466.64,105
2024-12,S010,Personal Care,41388.47,9472.25,109
2024-12,S010,Snacks,18702.14,5296.47,156
2024-12,S011,Bakery,15892.3,4684.1,111
2024-12,S011,Beverages,23684.37,7082.65,131
2024-12,S011,Dairy,17552.19,5540.0,94
2024-12,S011,Frozen,34737.83,9358.69,87
2024-12,S011,Fruits & Vegetables,12031.32,3401.64,107
2024-12,S011,Household,35860.81,9429.24,86
2024-12,S011,Personal Care,32366.25,8798.51,88
2024-12,S011,Snacks,18401.18,4873.8,149
2024-12,S012,Bakery,32549.42,8722.85,255
2024-12,S012,Beverages,49371.97,15007.81,267
2024-12,S012,Dairy,55787.65,16670.96,262
2024-12,S012,Frozen,66569.63,19261.03,186
2024-12,S012,Fruits & Vegetables,23516.01,6766.59,201
2024-12,S012,Household,50043.9,11253.61,113
2024-12,S012,Personal Care,62653.21,15598.83,150
2024-12,S012,Snacks,39342.63,11233.42,297
